{"_timestamp":1.7509231245313125e+09,"_wandb":{"runtime":1},"_runtime":1.0963694,"_step":0,"accuracy":0.7337662337662337}